item_code,item_name,item_desc,join_life,joinlife_title,joinlife_desc,item_price,item_category
200000,camisa popelín,Camisa de cuello solapa y escote pico. Manga alarga acabada en puño. Bolsillo de plastron en delantero. Cierre frontal con botones.,Eco-label,JOIN LIFE Care for fiber: 100% algodon organico.,Algodon cultivado utilizando fertilizantes y pesticidas naturales. Ademas en su cultivo no se utilizan semillas modificadas geneticamente lo que ayuda a conservar la biodiversidad de las semillas y la fertilidad del suelo.,19.95,camisa
200001,camisa popelín,Camisa de cuello solapa y escote pico. Manga alarga acabada en puño. Bolsillo de plastron en delantero. Cierre frontal con botones.,Eco-label,JOIN LIFE Care for fiber: 100% algodon organico.,Algodon cultivado utilizando fertilizantes y pesticidas naturales. Ademas en su cultivo no se utilizan semillas modificadas geneticamente lo que ayuda a conservar la biodiversidad de las semillas y la fertilidad del suelo.,19.95,camisa
200002,blusa hilo metalizado,Blusa semitransparente de cuello solapa y escote pico. Manga larga acabada en puño. Detalle de pliegues en delantero. Bajo acabado asimetrico.<br/><br/>Este articulo no incluye forro interior.,Not Eco-label,,,39.95,blusa
200003,blusa satinada alamares,Blusa de cuello subido y escote pico. Manga larga. Cierre frontal con botones Detalle de alamares. Vivos combinados a contraste.,Not Eco-label,,,29.95,blusa
200004,blusa estampada cropped,Blusa satinada de cuello solapa y manga larga acabada en puño. Cierre fontal con botones.,Not Eco-label,,,19.95,blusa
200005,blusa estampada cropped,Blusa satinada de cuello solapa y manga larga acabada en puño. Cierre fontal con botones.,Not Eco-label,,,19.95,blusa
200006,blusa estampada terciopelo,Blusa semitransparente de cuello solapa y manga larga acabada en puño. Tejido combinado en terciopelo con aplicacion de tachas. Detalle de hilo metalizado. Cierre frontal con botones.<br/><br/>Este articulo no incluye forro interior.<br/><br/>,Not Eco-label,,,29.95,blusa
200007,blusa satinada estampada,Blusa fluida de cuello solapa y manga larga. Cierre frontal con botones.,Not Eco-label,,,12.99,blusa
200008,blusa lino bolsillos,Blusa de cuello redondo y escote pico. Manga larga acabada en vuelta con trabilla. Bolsillos de plastron en pecho. Cierre frontal con botones.<br/><br/>ALTURA MODELO: 177 CM,Eco-label,JOIN LIFE Care for fiber: 100% lino de cultivo europeo.,Este lino se cultiva de forma natural sin riego artificial y no usa semillas modificadas geneticamente ni defoliantes. Su produccion se realiza en Europa siguiendo el estandar de European Flax® de European Confederation of Flax and Hemp (CELC).,12.99,blusa
200009,blusa lino bolsillos,Blusa de cuello redondo y escote pico. Manga larga acabada en vuelta con trabilla. Bolsillos de plastron en pecho. Cierre frontal con botones.<br/><br/>ALTURA MODELO: 177 CM,Eco-label,JOIN LIFE Care for fiber: 100% lino de cultivo europeo.,Este lino se cultiva de forma natural sin riego artificial y no usa semillas modificadas geneticamente ni defoliantes. Su produccion se realiza en Europa siguiendo el estandar de European Flax® de European Confederation of Flax and Hemp (CELC).,12.99,blusa
200010,blusa lino bolsillos,Blusa de cuello redondo y escote pico. Manga larga acabada en vuelta con trabilla. Bolsillos de plastron en pecho. Cierre frontal con botones.<br/><br/>ALTURA MODELO: 177 CM,Eco-label,JOIN LIFE Care for fiber: 100% lino de cultivo europeo.,Este lino se cultiva de forma natural sin riego artificial y no usa semillas modificadas geneticamente ni defoliantes. Su produccion se realiza en Europa siguiendo el estandar de European Flax® de European Confederation of Flax and Hemp (CELC).,12.99,blusa
200011,blusa satinada bolsillos,Blusa fluida de cuello solapa y manga corta. Bolsillos de plastron con solapa en delantero. Bajo con aberturas laterales. Cierre frontal con botones.,Not Eco-label,,,15.99,blusa
200012,blusa satinada bolsillos,Blusa fluida de cuello solapa y manga corta. Bolsillos de plastron con solapa en delantero. Bajo con aberturas laterales. Cierre frontal con botones.,Not Eco-label,,,15.99,blusa
200013,blusa satinada bolsillos,Blusa fluida de cuello solapa y manga corta. Bolsillos de plastron con solapa en delantero. Bajo con aberturas laterales. Cierre frontal con botones.,Not Eco-label,,,15.99,blusa
200014,blusa satinada estampada,Blusa fluida de cuello solapa y manga larga. Cierre frontal con botones.,Not Eco-label,,,12.99,blusa
200015,blusa cropped nudo,Blusa de escote pico. Manga larga acabada en puño elastico y volantes. Bajo acabado con nudo en delantero. Cierre frontal con botones forrados.,Not Eco-label,,,12.99,blusa
200016,blusa cropped nudo,Blusa de escote pico. Manga larga acabada en puño elastico y volantes. Bajo acabado con nudo en delantero. Cierre frontal con botones forrados.,Not Eco-label,,,12.99,blusa
200017,camisa popelín,Camisa de cuello solapa y escote pico. Manga alarga acabada en puño. Bolsillo de plastron en delantero. Cierre frontal con botones.,Eco-label,JOIN LIFE Care for fiber: 100% algodon organico.,Algodon cultivado utilizando fertilizantes y pesticidas naturales. Ademas en su cultivo no se utilizan semillas modificadas geneticamente lo que ayuda a conservar la biodiversidad de las semillas y la fertilidad del suelo.,19.95,camisa
200018,camisa popelín,Camisa de cuello solapa y escote pico. Manga alarga acabada en puño. Bolsillo de plastron en delantero. Cierre frontal con botones.,Eco-label,JOIN LIFE Care for fiber: 100% algodon organico.,Algodon cultivado utilizando fertilizantes y pesticidas naturales. Ademas en su cultivo no se utilizan semillas modificadas geneticamente lo que ayuda a conservar la biodiversidad de las semillas y la fertilidad del suelo.,19.95,camisa
200019,blusa jacquard,Blusa de cuello subido con manga larga amplia. Bajo asimetrico. Cierre en delantero con alamares combinados a contraste.,Not Eco-label,,,29.95,blusa
200020,blusa fluida volante,Blusa de escote pico con volante y lazo. Manga larga acabada en elastico con volante.<br/><br/>Este articulo no incluye forro interior.,Not Eco-label,,,25.95,blusa
200021,camisa popelín,Camisa de cuello solapa y escote pico. Manga alarga acabada en puño. Bolsillo de plastron en delantero. Cierre frontal con botones.,Eco-label,JOIN LIFE Care for fiber: 100% algodon organico.,Algodon cultivado utilizando fertilizantes y pesticidas naturales. Ademas en su cultivo no se utilizan semillas modificadas geneticamente lo que ayuda a conservar la biodiversidad de las semillas y la fertilidad del suelo.,19.95,camisa
200022,camisa satinada,Camisa fluida de cuello solapa y manga larga. Cierre frontal con botones.,Not Eco-label,,,22.95,camisa
200023,blusa estampada cinturón,Blusa de cuello solapa y escote pico cruzado. Manga larga acabada en puño con abertura. Cinturon con hebilla forrada en mismo tejido. Cierre frontal cruzado con botones forrados.,Not Eco-label,,,39.95,blusa
200024,blusa cropped estampada,Blusa corto de cuello redondo. Manga por debajo del codo abullonada. Bajo con elastico interior. Cierre frontal con botones.,Not Eco-label,,,29.95,blusa
200025,body popelín hombreras,Body con cuello solapa y manga larga con hombreras. Cierre frontal con botones y en bajo con botones a presion.,Not Eco-label,,,22.95,body
200026,camisa satinada,Camisa fluida de cuello solapa y manga larga. Cierre frontal con botones.,Not Eco-label,,,22.95,camisa
200027,camisa satinada,Camisa fluida de cuello solapa y manga larga. Cierre frontal con botones.,Not Eco-label,,,22.95,camisa
200028,camisa satinada,Camisa fluida de cuello solapa y manga larga. Cierre frontal con botones.,Not Eco-label,,,22.95,camisa
200029,camisa satinada,Camisa fluida de cuello solapa y manga larga. Cierre frontal con botones.,Not Eco-label,,,22.95,camisa
200030,camisa satinada,Camisa fluida de cuello solapa y manga larga. Cierre frontal con botones.,Not Eco-label,,,22.95,camisa
200031,camisa satinada,Camisa fluida de cuello solapa y manga larga. Cierre frontal con botones.,Not Eco-label,,,22.95,camisa
200032,blusa larga estampado animal,Blusa fluida de cuello solapa y manga larga. Bajo asimetrico con aberturas laterales. Cierre frontal con botones.,Not Eco-label,,,12.99,blusa
200033,blusa fluida bolsillos,Blusa de cuello solapa y manga larga. Bolsillos delanteros de plastron con solapa. Bajo con aberturas laterales. Cierre frontal con botones.<br/><br/>,Eco-label,JOIN LIFE Care for fiber: al menos 30% TENCEL™ Lyocell.,Esta fibra se obtiene de madera principalmente eucalipto de bosques gestionados de forma mas sostenible que garantiza su reforestacion. Se produce en un circuito cerrado,,blusa
200034,blusa larga botón dorado,Blusa con cuello solapa y manga larga. Bolsillo delantero de plastron. Bajo asimetrico con botones metalicos laterales. Cierre frontal con botones.,Eco-label,JOIN LIFE Care for fiber: al menos 75% TENCEL™ Lyocell.,Esta fibra se obtiene de madera principalmente eucalipto de bosques gestionados de forma mas sostenible que garantiza su reforestacion. Se produce en un circuito cerrado,,blusa
200035,blusa satinada nudo,Blusa fluida de escote pico y manga por debajo del codo. Bajo con nudo en delantero. Cierre frontal con botones.,Not Eco-label,,,12.99,blusa
200036,blusa combinada bordados,Blusa de cuello subido y manga larga. Detalle de bordados combinados a tono. Cierre en espalda con abertura y botones.,Not Eco-label,,,29.95,blusa
200037,blusa nudo,Blusa de escote pico y manga larga acabada con botones metalicos. Detalle de frunces en espalda y nudo en delantero. Cierre en espalda con cremallera oculta en costura.,Not Eco-label,,,29.95,blusa
200038,body popelín hombreras,Body con cuello solapa y manga larga con hombreras. Cierre frontal con botones y en bajo con botones a presion.,Not Eco-label,,,22.95,body
200039,blusa lunares,Blusa de cuello subido con escote pico y manga larga. Cierre frontal con botones forrados.<br/><br/>Este articulo no incluye forro interior.,Not Eco-label,,,25.95,blusa
200040,cuerpo manga drapeada,Camisa de cuello subido. Manga larga drapeada. Cierre en espalda con cremallera oculta en costura.,Not Eco-label,,,29.95,camiseta
200041,blusa cropped nudo,Blusa de escote pico. Manga larga acabada en puño elastico y volantes. Bajo acabado con nudo en delantero. Cierre frontal con botones forrados.,Not Eco-label,,,12.99,blusa
200042,blusa estampada lazo,Blusa estampada de cuello subido con lazo y manga larga. Detalle de volantes en hombros. Cierre con botones forrados en hombro.,Not Eco-label,,,25.95,blusa
200043,camisa satinada,Camisa fluida de cuello solapa y manga larga. Cierre frontal con botones.,Not Eco-label,,,22.95,camisa
200044,blusa larga estampado animal,Blusa fluida de cuello solapa y manga larga. Bajo asimetrico con aberturas laterales. Cierre frontal con botones.,Not Eco-label,,,12.99,blusa
200045,blusa jacquard volantes,Blusa de cuello subido y manga larga acabada en puño con boton. Detalle de volantes en pechera. Cierre frontal con botones joya.,Not Eco-label,,,29.95,blusa
200046,camisa popelín,Camisa de cuello solapa y escote pico. Manga alarga acabada en puño. Bolsillo de plastron en delantero. Cierre frontal con botones.,Eco-label,JOIN LIFE Care for fiber: 100% algodon organico.,Algodon cultivado utilizando fertilizantes y pesticidas naturales. Ademas en su cultivo no se utilizan semillas modificadas geneticamente lo que ayuda a conservar la biodiversidad de las semillas y la fertilidad del suelo.,19.95,camisa
200047,blusa efecto metalizado,Blusa de cuello solapa y escote pico cruzado. Manga larga acabada en puño con pliegues. Cierre frontal cruzado con botones forrados y lateral interior con lazada.,Not Eco-label,,,29.95,blusa
200048,blusa nudo,Blusa de escote pico y manga larga acabada con botones metalicos. Detalle de frunces en espalda y nudo en delantero. Cierre en espalda con cremallera oculta en costura.,Not Eco-label,,,29.95,blusa
200049,blusa estructura,Blusa de escote pico y manga por debajo del codo.,Not Eco-label,,,29.95,blusa
200050,blusa plisada lazo,Blusa de cuello redondo y manga larga acabada en volante con elasticos. Detalle de lazo delantero en mismo tejido.,Eco-label,JOIN LIFE Care for fiber: al menos 50% poliester reciclado.,Esta fibra se obtiene a partir del reciclaje de plastico PET como el de las botellas de agua. Transformando este residuo en un nuevo recurso reducimos la produccion de materia prima virgen y el consumo de agua energia y recursos naturales.,25.95,blusa
200051,blusa estampada cropped,Blusa satinada de cuello solapa y manga larga acabada en puño. Cierre fontal con botones.,Not Eco-label,,,19.95,blusa
200052,blusa fluida bolsillos,Blusa de cuello solapa y manga larga. Bolsillos delanteros de plastron con solapa. Bajo con aberturas laterales. Cierre frontal con botones.<br/><br/>,Eco-label,JOIN LIFE Care for fiber: al menos 30% TENCEL™ Lyocell.,Esta fibra se obtiene de madera principalmente eucalipto de bosques gestionados de forma mas sostenible que garantiza su reforestacion. Se produce en un circuito cerrado,,blusa
200053,camisa popelín,Camisa de cuello solapa y escote pico. Manga alarga acabada en puño. Bolsillo de plastron en delantero. Cierre frontal con botones.,Eco-label,JOIN LIFE Care for fiber: 100% algodon organico.,Algodon cultivado utilizando fertilizantes y pesticidas naturales. Ademas en su cultivo no se utilizan semillas modificadas geneticamente lo que ayuda a conservar la biodiversidad de las semillas y la fertilidad del suelo.,19.95,camisa
200054,blusa cuadros bordados,Blusa de cuello redondo con volante. Escote pico y manga larga acabada con elastico y volante. Detalle de bordados combinados a contraste. Cierre frontal con botones.,Not Eco-label,,,29.95,blusa
200055,blusa satinada hombreras,Blusa de cuello redondo. Manga larga con hombreras acabada en puño con botones forrados y pliegues. Cierre en espalda con abertura y boton.,Not Eco-label,,,29.95,blusa
200056,cuerpo satinado cruzado,Cuerpo de escote pico cruzado y manga larga acabada con botones perla. Cierre frontal con boton oculto y lazo.,Not Eco-label,,,25.95,camiseta
200057,blusa jacquard,Blusa corta de cuello redondo. Manga larga amplia. Cierre en delantero con botones joya.,Not Eco-label,,,29.95,blusa
200058,blusa estampada cropped,Blusa satinada de cuello solapa y manga larga acabada en puño. Cierre fontal con botones.,Not Eco-label,,,19.95,blusa
200059,blusa cropped estampada,Blusa de cuello subido con frunces. Detalle de abertura delantera en pecho y manga larga. Bajo acabado con elastico en espalda tipo nido de abeja. Cierre trasero con abertura y botones.,Not Eco-label,,,25.95,blusa
100000,vestido estampado,Vestido corto de cuello solapa y manga por debajo del codo. Cierre frontal con botones.,Eco-label,JOIN LIFE Care for fiber: al menos 50% ECOVERO™ Viscose.,Esta viscosa se obtiene a partir de madera de bosques gestionados de forma mas sostenible donde los arboles se cultivan de forma controlada y con programas que garantizan su reforestacion. Ademas esta certificada por la EU Ecolabel por cumplir exigentes estandares medioambientales en su proceso productivo.,15.99,vestido
100001,vestido combinado encaje,Vestido corto de escote pico combinado con encaje a tono. Manga larga acabada en elastico. Cierre frontal con botones.<br/>,Not Eco-label,,,15.99,vestido
100002,vestido largo estampado,Vestido de escote pico con botones forrados a tono. Manga larga acabada en puño elastico tipo nido de abeja. Cintura elastica. Forro interior. Bajo asimetrico.,Eco-label,JOIN LIFE Care for fiber: al menos 50% poliester reciclado.,Esta fibra se obtiene a partir del reciclaje de plastico PET como el de las botellas de agua. Transformando este residuo en un nuevo recurso reducimos la produccion de materia prima virgen y el consumo de agua energia y recursos naturales.,15.99,vestido
100003,vestido midi estampado,Vestido de escote pico cruzado y manga larga acabada en puño elastico. Detalle de botones forrados en delantero. Bajo con abertura frontal.,Not Eco-label,,,19.99,vestido
100004,vestido midi encaje,Vestido midi de escote pico y manga corta. Acabados en encaje combinado a tono. Cierre delantero con botones.,Not Eco-label,,,19.99,vestido
100005,vestido felpa,Vestido amplio de cuello redondo y manga larga. Bolsillos laterales. Acabados en rib.,Eco-label,JOIN LIFE Care for fiber: al menos 95% algodon organico.,Algodon cultivado utilizando fertilizantes y pesticidas naturales. Ademas en su cultivo no se utilizan semillas modificadas geneticamente lo que ayuda a conservar la biodiversidad de las semillas y la fertilidad del suelo.,9.99,vestido
100006,vestido midi cinturón,Vestido con escote pico cruzado y manga larga con hombros marcados. Bajo acabado en evase con abertura frontal. Detalle de cinturon a tono. Cierre lateral con cremallera oculta en costura.,Not Eco-label,,,15.99,vestido
100007,vestido estampado alamares,Vestido corto de cuello subido y manga corta. Cierre con alamares en delantero.,Not Eco-label,,,19.99,vestido
100008,vestido mini punto,Vestido con cuello subido y manga larga. Bajo acabado en evase.,Not Eco-label,,,12.99,vestido
100009,vestido estampado flores,Vestido largo de cuello solapa. Manga por debajo del codo acabada en elastico. Cintura ajustable con cordones. Bajo acabado en volantes. Cierre tipo polo con botones.,Not Eco-label,,,19.99,vestido
100010,vestido felpa,Vestido amplio de cuello redondo y manga larga. Bolsillos laterales. Acabados en rib.,Eco-label,JOIN LIFE Care for fiber: al menos 95% algodon organico.,Algodon cultivado utilizando fertilizantes y pesticidas naturales. Ademas en su cultivo no se utilizan semillas modificadas geneticamente lo que ayuda a conservar la biodiversidad de las semillas y la fertilidad del suelo.,9.99,vestido
100011,vestido midi satinado,Vestido midi de escote recto y tirantes finos.,Not Eco-label,,,15.99,vestido
100012,vestido felpa,Vestido amplio de cuello redondo y manga larga. Bolsillos laterales. Acabados en rib.,Eco-label,JOIN LIFE Care for fiber: al menos 95% algodon organico.,Algodon cultivado utilizando fertilizantes y pesticidas naturales. Ademas en su cultivo no se utilizan semillas modificadas geneticamente lo que ayuda a conservar la biodiversidad de las semillas y la fertilidad del suelo.,9.99,vestido
100013,vestido punto perlado,Vestido largo de cuello subido y manga sisa.,Not Eco-label,,,12.99,vestido
100014,vestido satinado cintura elástica,Vestido midi con escote pico y manga larga. Cintura elastica. Bolsillos laterales ocultos en costura. Bajo acabado en evase.,Not Eco-label,,,15.99,vestido
100015,vestido estampado lazada,Vestido corto de cuello solapa y manga por debajo del codo. Bolsillos laterales ocultos en costura. Detalle de cinturon lazada combinado a tono. Cierre frontal con botones.,Not Eco-label,,,15.99,vestido
100016,vestido felpa,Vestido amplio de cuello redondo y manga larga. Bolsillos laterales. Acabados en rib.,Eco-label,JOIN LIFE Care for fiber: al menos 95% algodon organico.,Algodon cultivado utilizando fertilizantes y pesticidas naturales. Ademas en su cultivo no se utilizan semillas modificadas geneticamente lo que ayuda a conservar la biodiversidad de las semillas y la fertilidad del suelo.,9.99,vestido
100017,vestido jacquard,Vestido midi de escote recto y tirantes finos.,Not Eco-label,,,15.99,vestido
100018,vestido estampado volumen,Vestido corto de cuello redondo y escote pico con lazada. Manga por debajo del codo acabada en elastico. Forro interior.,Not Eco-label,,,19.99,vestido
100019,vestido fluido hombreras,Vestido corto de cuello redondo. Manga sisa con hombrera y pliegues. Cierre en espalda con abertura y boton.,Not Eco-label,,,12.99,vestido
100020,vestido felpa,Vestido amplio de cuello redondo y manga larga. Bolsillos laterales. Acabados en rib.,Eco-label,JOIN LIFE Care for fiber: al menos 95% algodon organico.,Algodon cultivado utilizando fertilizantes y pesticidas naturales. Ademas en su cultivo no se utilizan semillas modificadas geneticamente lo que ayuda a conservar la biodiversidad de las semillas y la fertilidad del suelo.,9.99,vestido
100021,vestido mini abertura,Vestido corto de escote recto y tirantes finos cruzados en espalda. Bajo con abertura lateral. Cierre en espalda con cremallera oculta en costura.,Not Eco-label,,,12.99,vestido
100022,vestido volumen,Vestido midi de escote pico y manga sisa. Bolsillos laterales ocultos en costura. Detalle de pinzas.,Eco-label,JOIN LIFE Care for fiber: al menos 50% algodon organico.,Algodon cultivado utilizando fertilizantes y pesticidas naturales. Ademas en su cultivo no se utilizan semillas modificadas geneticamente lo que ayuda a conservar la biodiversidad de las semillas y la fertilidad del suelo.,15.99,vestido
100023,vestido felpa,Vestido amplio de cuello redondo y manga larga. Bolsillos laterales. Acabados en rib.,Eco-label,JOIN LIFE Care for fiber: al menos 95% algodon organico.,Algodon cultivado utilizando fertilizantes y pesticidas naturales. Ademas en su cultivo no se utilizan semillas modificadas geneticamente lo que ayuda a conservar la biodiversidad de las semillas y la fertilidad del suelo.,9.99,vestido
100024,vestido hombreras,Vestido corto de cuello redondo. Manga sisa con hombreras.,Eco-label,JOIN LIFE Care for fiber: 100% algodon organico.,Algodon cultivado utilizando fertilizantes y pesticidas naturales. Ademas en su cultivo no se utilizan semillas modificadas geneticamente lo que ayuda a conservar la biodiversidad de las semillas y la fertilidad del suelo.,7.99,vestido
100025,vestido fluido,Vestido fluido de cuello escote redondo y espalda tipo nadador.,Eco-label,JOIN LIFE Care for fiber: al menos 30% TENCEL™ Lyocell.,Esta fibra se obtiene de madera principalmente eucalipto de bosques gestionados de forma mas sostenible que garantiza su reforestacion. Se produce en un circuito cerrado,,vestido
100026,vestido drapeado,Vestido de escote pico y manga corta. Detalle tejido drapeado en delantero.,Not Eco-label,,,7.99,vestido
100027,vestido estampado animal,Vestido midi de cuello solapa. Manga larga abullonada en hombro acabada en puño. Cinturon con hebilla forrada en mismo tejido. Cierre frontal tipo polo con botones forrados.,Not Eco-label,,,19.99,vestido
100028,vestido lencero frunce,Vestido midi de escote pico y tirantes finos ajustables. Detalle de frunce con cordones en delantero.,Not Eco-label,,,15.99,vestido
100029,vestido mini estampado,Vestido con escote pico y manga larga. Detalle aplicacion volantes combinados a tono. Forro interior. Cierre frontal con botones forrados a tono.,Not Eco-label,,,29.95,vestido
100030,vestido hilo metalizado,Vestido corto de cuello solapa y manga larga acabada en puño. Bajo acabado en volantes. Detalle de hilo metalizado. Cierre frontal con botones.,Not Eco-label,,,19.99,vestido
100031,vestido estampado animal,Vestido corto de cuello subido con lazada. Manga larga abullonada acabada en puño.Cintura elastica. Forro interior. Cinturon con hebilla forrada en mismo tejido. Cierre en espalda con abertura y botones.,Eco-label,JOIN LIFE Care for fiber: al menos 25% poliester reciclado.,Esta fibra se obtiene a partir del reciclaje de plastico PET como el de las botellas de agua. Transformando este residuo en un nuevo recurso reducimos la produccion de materia prima virgen y el consumo de agua energia y recursos naturales.,19.99,vestido
100032,vestido camisero,Vestido corto de cuello solapa. Manga larga acabada en puño con pliegues. Detalle de pinzas. Forro interior en bajo. Cierre frontal con botones.,Not Eco-label,,,15.99,vestido
100033,vestido mini lunares,Vestido con cuello redondo y manga por debajo del codo acabada en elastico. Bajo acabado con frunces. Cierre en espalda con cremallera oculta en costura.,Not Eco-label,,,15.99,vestido
100034,vestido jacquard cinturón,Vestido corto de escote pico cruzado con boton a presion. Manga larga acabada en puño. Bolsillos laterales. Cinturon con hebilla forrada en mismo tejido. Detalle de botones joya en delantero. Cierre lateral con cremallera oculta en costura.,Not Eco-label,,,19.99,vestido
100035,vestido lencero frunces,Vestido satinado de escote pico y tirantes finos. Detalle de frunce ajustable con cordones en pecho.,Not Eco-label,,,15.99,vestido
100036,vestido hombreras jacquard,Vestido corto de cuello redondo. Manga sisa con hombreras.,Not Eco-label,,,7.99,vestido
100037,vestido fluido,Vestido corto de escote pico y tirantes. Forro interior.,Eco-label,JOIN LIFE Care for fiber: al menos 25% poliester reciclado.,Esta fibra se obtiene a partir del reciclaje de plastico PET como el de las botellas de agua. Transformando este residuo en un nuevo recurso reducimos la produccion de materia prima virgen y el consumo de agua energia y recursos naturales.,12.99,vestido
100038,vestido drapeado estampado,Vestido mini con cuello redondo y manga larga. Cierre en espalda con cremallera oculta en costura.,Not Eco-label,,,15.99,vestido
100039,vestido largo estampado animal,Vestido de cuello redondo con lazo escote pico y manga larga acabada en elastico. Cintura elastica. Forro interior. Detalle de acabados con volantes. Cinturon combinado a contraste.,Not Eco-label,,,15.99,vestido
100040,vestido estampado,Vestido de cuello solapa. Manga por debajo del codo acabada en puño. Bolsillos de plastron con solapa en delantero. Cinturon lazada en mismo tejido. Cierre frontal con botones.,Eco-label,JOIN LIFE Care for fiber: 100% ECOVERO™ Viscose.,Esta viscosa se obtiene a partir de madera de bosques gestionados de forma mas sostenible donde los arboles se cultivan de forma controlada y con programas que garantizan su reforestacion. Ademas esta certificada por la EU Ecolabel por cumplir exigentes estandares medioambientales en su proceso productivo.,19.99,vestido
100041,vestido estructura,Vestido corto de cuello redondo y manga por debajo del codo. Detalle de pliegues. Bajo acabado en volante. Cierre en espalda con abertura y boton.,Not Eco-label,,,15.99,vestido
100042,vestido botones,Vestido fluido con escote pico y manga corta amplia. Detalle de cintura elastica. Linea evase. Cierre frontal con botones.<br/><br/>ALTURA MODELO: 177 CM,Not Eco-label,,,15.99,vestido
100043,vestido mini plumeti,Vestido con escote pico y manga corta amplia. Cintura elastica. Detalle de nudo en delantero. Forro interior. Bajo acabado con volantes.,Not Eco-label,,,15.99,vestido
100044,vestido midi estampado,Vestido con cuello redondo y manga corta acabada en elastico. Bajo acabado en evase. Cierre lateral con cremallera oculta en costura y en espalda con abertura y boton.,Eco-label,JOIN LIFE Care for fiber: al menos 50% viscosa Join Life.,Esta fibra se obtiene de madera de bosques gestionados de forma mas sostenible donde los arboles se cultivan de forma controlada con programas que garantizan su reforestacion. Se produce en instalaciones que cumplen con EU BAT (Best Available Techniques) exigentes estandares medioambientales definidos por la Union Europea que reducen las emisiones y la generacion de residuos.,19.99,vestido
100045,vestido fluido drapeado,Vestido corto de cuello redondo. Manga sisa con detalle de pliegues. Forro interior. Cierre en espalda con cremallera oculta en costura.,Eco-label,JOIN LIFE Care for fiber: al menos 25% poliester reciclado.,Esta fibra se obtiene a partir del reciclaje de plastico PET como el de las botellas de agua. Transformando este residuo en un nuevo recurso reducimos la produccion de materia prima virgen y el consumo de agua energia y recursos naturales.,12.99,vestido
100046,vestido mini estampado,Vestido de escote pico y manga larga con hombros marcados. Detalle de frunces delanteros. Cierre lateral con cremallera oculta en costura.,Not Eco-label,,,15.99,vestido
100047,vestido hombreras jacquard,Vestido corto de cuello redondo. Manga sisa con hombreras.,Not Eco-label,,,7.99,vestido
100048,vestido halter,Vestido midi de cuello halter. Detalle de pliegues.,Eco-label,JOIN LIFE Care for fiber: al menos 50% algodon organico.,Algodon cultivado utilizando fertilizantes y pesticidas naturales. Ademas en su cultivo no se utilizan semillas modificadas geneticamente lo que ayuda a conservar la biodiversidad de las semillas y la fertilidad del suelo.,9.99,vestido
100049,vestido midi estampado floral,Vestido con escote pico y manga larga. Detalle de lazo delantero y falsos botones forrados a tono. Bajo con abertura frontal. Cierre lateral con cremallera oculta en costura.,Not Eco-label,,,19.99,vestido
100050,vestido hombreras,Vestido corto fluido de cuello redondo y manga sisa con hombreras. Cierre en espalda con abertura y boton.,Not Eco-label,,,12.99,vestido
100051,vestido ajustado,Vestido ajustado corto de escote pico y tirantes. Detalle de costuras marcadas. Cierre en espalda con cremallera oculta en costura.,Not Eco-label,,,19.95,vestido
100052,vestido estampado,Vestido satinado de escote pico y tirantes. Bolsillos laterales ocultos en costura.,Not Eco-label,,,15.99,vestido
100053,vestido rib,Vestido midi de cuello subido y manga corta. Bajo con abertura en delantero.,Eco-label,JOIN LIFE Care for fiber: al menos 95% algodon organico.,Algodon cultivado utilizando fertilizantes y pesticidas naturales. Ademas en su cultivo no se utilizan semillas modificadas geneticamente lo que ayuda a conservar la biodiversidad de las semillas y la fertilidad del suelo.,7.99,vestido
100054,vestido camisero estampado,Vestido de cuello solapa y manga larga acabada en puño con botones. Cierre en delantero con botones.,Eco-label,JOIN LIFE Care for fiber: al menos 50% viscosa Join Life.,Esta fibra se obtiene de madera de bosques gestionados de forma mas sostenible donde los arboles se cultivan de forma controlada con programas que garantizan su reforestacion. Se produce en instalaciones que cumplen con EU BAT (Best Available Techniques) exigentes estandares medioambientales definidos por la Union Europea que reducen las emisiones y la generacion de residuos.,15.99,vestido
100055,vestido terciopelo,Vestido corto de escote pico y manga larga. Cintura elastica.,Not Eco-label,,,15.99,vestido
100056,vestido hombreras,Vestido corto de cuello redondo. Manga sisa con hombreras.,Eco-label,JOIN LIFE Care for fiber: 100% algodon organico.,Algodon cultivado utilizando fertilizantes y pesticidas naturales. Ademas en su cultivo no se utilizan semillas modificadas geneticamente lo que ayuda a conservar la biodiversidad de las semillas y la fertilidad del suelo.,7.99,vestido
100057,vestido rib,Vestido midi de cuello subido y manga corta. Bajo con abertura en delantero.,Eco-label,JOIN LIFE Care for fiber: al menos 95% algodon organico.,Algodon cultivado utilizando fertilizantes y pesticidas naturales. Ademas en su cultivo no se utilizan semillas modificadas geneticamente lo que ayuda a conservar la biodiversidad de las semillas y la fertilidad del suelo.,7.99,vestido
300000,falda mini raya diplmatica,Falda mini de tiro alto. Bajo asimetrico. Cierre lateral con cremallera oculta por solapa.,Eco-label,JOIN LIFE Care for fiber: al menos 25% poliester reciclado.,Esta fibra se obtiene a partir del reciclaje de plastico PET como el de las botellas de agua. Transformando este residuo en un nuevo recurso reducimos la produccion de materia prima virgen y el consumo de agua energia y recursos naturales.,19.95,falda
300001,falda mini raya diplmatica,Falda mini de tiro alto. Bajo asimetrico. Cierre lateral con cremallera oculta por solapa.,Eco-label,JOIN LIFE Care for fiber: al menos 25% poliester reciclado.,Esta fibra se obtiene a partir del reciclaje de plastico PET como el de las botellas de agua. Transformando este residuo en un nuevo recurso reducimos la produccion de materia prima virgen y el consumo de agua energia y recursos naturales.,19.95,falda
300002,falda mini raya diplmatica,Falda mini de tiro alto. Bajo asimetrico. Cierre lateral con cremallera oculta por solapa.,Eco-label,JOIN LIFE Care for fiber: al menos 25% poliester reciclado.,Esta fibra se obtiene a partir del reciclaje de plastico PET como el de las botellas de agua. Transformando este residuo en un nuevo recurso reducimos la produccion de materia prima virgen y el consumo de agua energia y recursos naturales.,19.95,falda
300003,falda pantalón mini,Falda pantalon de tiro alto. Bajo acabado en evase. Cierre frontal con botones.,Not Eco-label,,,22.95,falda
300004,falda mini volante,Falda mini de tiro alto. Bajo acabado en volantes. Cierre en espalda con cremallera oculta en costura.,Not Eco-label,,,29.95,falda
300005,bermuda paperbag efecto piel,Bermuda de tiro alto con elastico en espalda. Bolsillos delanteros. Cierre frontal con cremallera boton interior y gancho metalico. Cinturon del mismo tejido.,Not Eco-label,,,19.95,bermuda
300006,falda efecto piel paperbag,Falda mini con cintura elastica y cinturon combinado a tono. Bolsillos delanteros de plastron con solapa y boton.,Not Eco-label,,,22.95,falda
300007,bermuda paperbag efecto piel,Bermuda de tiro alto con elastico en espalda. Bolsillos delanteros. Cierre frontal con cremallera boton interior y gancho metalico. Cinturon del mismo tejido.,Not Eco-label,,,19.95,bermuda
300008,braguita punto jacquard,Braguita de tiro muy alto con cintura elastica. Acabados en rib combinados a contraste.,Not Eco-label,,,17.95,braguita
300009,shorts punto tacto suave,Shorts de punto de tiro alto.,Eco-label,JOIN LIFE Care for fiber: al menos 25% poliester reciclado.,Esta fibra se obtiene a partir del reciclaje de plastico PET como el de las botellas de agua. Transformando este residuo en un nuevo recurso reducimos la produccion de materia prima virgen y el consumo de agua energia y recursos naturales.,17.95,shorts
300010,shorts felpa,Shorts de tiro alto con cintura elastica.,Not Eco-label,,,15.95,shorts
300011,shorts ochos,Shorts de tiro alto con cintura elastica y cordones ajustables. Detalle de tejido tacto suave.,Not Eco-label,,,19.95,shorts
300012,bermuda botones,Bermuda de tiro alto. Bolsillos en delantero. Aplicacion botones metalicos. Cierre lateral con cremallera oculta en costura.,Not Eco-label,,,29.95,bermuda
300013,bermuda estructura,Bermuda de tiro alto. Bolsillos delanteros. Detalle de botones metalicos. Cierre lateral con cremallera oculta en costura.,Not Eco-label,,,29.95,bermuda
300014,bermuda botones,Bermuda de tiro alto. Bolsillos en delantero. Detalle de falsos botones metalicos en delantero. Cierre con cremallera lateral oculta en costura.,Not Eco-label,,,25.95,bermuda
300015,falda felpa,Falda midi. Tiro alto con cintura elastica ajustable con cordones.,Eco-label,JOIN LIFE Care for fiber: al menos 50% algodon organico.,Algodon cultivado utilizando fertilizantes y pesticidas naturales. Ademas en su cultivo no se utilizan semillas modificadas geneticamente lo que ayuda a conservar la biodiversidad de las semillas y la fertilidad del suelo.,12.95,falda
300016,falda felpa,Falda midi. Tiro alto con cintura elastica ajustable con cordones.,Eco-label,JOIN LIFE Care for fiber: al menos 50% algodon organico.,Algodon cultivado utilizando fertilizantes y pesticidas naturales. Ademas en su cultivo no se utilizan semillas modificadas geneticamente lo que ayuda a conservar la biodiversidad de las semillas y la fertilidad del suelo.,12.95,falda
300017,falda felpa,Falda midi. Tiro alto con cintura elastica ajustable con cordones.,Eco-label,JOIN LIFE Care for fiber: al menos 50% algodon organico.,Algodon cultivado utilizando fertilizantes y pesticidas naturales. Ademas en su cultivo no se utilizan semillas modificadas geneticamente lo que ayuda a conservar la biodiversidad de las semillas y la fertilidad del suelo.,12.95,falda
300018,falda mini efecto piel,Falda mini de tiro alto. Bolsillos delanteros. Detalle de costuras marcadas. Cierre delantero con cremallera oculta por solapa.,Not Eco-label,,,9.99,falda
300019,falda mini efecto piel,Falda mini de tiro alto. Bolsillos delanteros. Detalle de costuras marcadas. Cierre delantero con cremallera oculta por solapa.,Not Eco-label,,,9.99,falda
300020,falda mini efecto piel,Falda mini de tiro alto. Bolsillos delanteros. Detalle de costuras marcadas. Cierre delantero con cremallera oculta por solapa.,Not Eco-label,,,9.99,falda
300021,shorts cuadros,Shorts de tiro alto. Bolsillos laterales. Cierre frontal con cremallera y ganchos metalicos.,Eco-label,JOIN LIFE Care for fiber: al menos 25% poliester reciclado.,Esta fibra se obtiene a partir del reciclaje de plastico PET como el de las botellas de agua. Transformando este residuo en un nuevo recurso reducimos la produccion de materia prima virgen y el consumo de agua energia y recursos naturales.,9.99,shorts
300022,bermuda recta,Bermuda de tiro alto. Bolsillos laterales y falsos bolsillos de vivo en espalda. Cierre frontal con cremallera y gancho metalico.,Eco-label,JOIN LIFE Care for fiber: al menos 25% poliester reciclado.,Esta fibra se obtiene a partir del reciclaje de plastico PET como el de las botellas de agua. Transformando este residuo en un nuevo recurso reducimos la produccion de materia prima virgen y el consumo de agua energia y recursos naturales.,9.99,bermuda
300023,falda estampada nudo,Falda de tiro alto. Detalle de nudo en delantero. Bajo con abertura frontal. Cierre en espalda con cremallera oculta en costura.,Not Eco-label,,,15.99,falda
300024,falda plisada estampada,Falda midi de tiro alto con cintura elastica. Bajo acabado deshilachado.,Not Eco-label,,,15.99,falda
300025,falda plisada estampada,Falda midi de tiro alto con cintura elastica. Bajo acabado deshilachado.,Not Eco-label,,,15.99,falda
300026,bermuda estructura,Bermuda de tiro alto. Bolsillos delanteros. Detalle de botones metalicos. Cierre lateral con cremallera oculta en costura.,Not Eco-label,,,29.95,bermuda
300027,bermuda estructura,Bermuda de tiro alto. Bolsillos delanteros. Detalle de botones metalicos. Cierre lateral con cremallera oculta en costura.,Not Eco-label,,,29.95,bermuda
300028,bermuda cuadros,Bermuda de tiro alto. Detalles de pinzas y aberturas laterales. CIerre lateral con cremallera oculta en costura.,Eco-label,JOIN LIFE Care for fiber: al menos 25% poliester reciclado.,Esta fibra se obtiene a partir del reciclaje de plastico PET como el de las botellas de agua. Transformando este residuo en un nuevo recurso reducimos la produccion de materia prima virgen y el consumo de agua energia y recursos naturales.,22.95,bermuda
300029,falda mini terciopelo,Falda corta de tiro alto. Detalle tejido drapeado en delantero. Cierre en espalda con cremallera oculta en costura.,Not Eco-label,,,29.95,falda
300030,falda mini jacquard,Falda mini de tiro alto. Bajo con abertura en lateral. Detalle de alamares en delantero. Cierre en espalda con cremallera oculta en costura.,Not Eco-label,,,25.95,falda
300031,falda bermuda efecto piel cinturón,Falda bermuda tiro medio. Bajo acabado con abertura lateral. Detalle de cinturon con cadenas. Cierre lateral oculto con cremallera.,Not Eco-label,,,25.95,falda
300032,shorts satinado,Shorts de tiro alto. Bolsillos laterales y falsos bolsillos de vivo en espalda. Detalle de pinzas. Cierre frontal con cremallera boton interior y gancho metalico.,Not Eco-label,,,22.95,shorts
300033,shorts efecto piel,Shorts de tiro alto. Bolsillos laterales y falsos bolsillos de vivo en espalda. Detalle de pinzas. Cierre frontal con cremallera y gancho metalico.,Not Eco-label,,,19.95,shorts
300034,shorts satinado,Shorts de tiro alto. Bolsillos laterales y falsos bolsillos de vivo en espalda. Detalle de pinzas. Cierre frontal con cremallera boton interior y gancho metalico.,Not Eco-label,,,22.95,shorts
300035,falda pantalón,Falda pantalon de tiro alto. Bolsillos laterales y falsos bolsillos de vivo en espalda. Cierre frontal con cremallera y gancho metalico.,Eco-label,JOIN LIFE Care for fiber: al menos 25% poliester reciclado.,Esta fibra se obtiene a partir del reciclaje de plastico PET como el de las botellas de agua. Transformando este residuo en un nuevo recurso reducimos la produccion de materia prima virgen y el consumo de agua energia y recursos naturales.,19.95,falda
300036,falda bermuda estampada,Falda bermuda de tiro alto. Detalle de lazo combinado a tono. Bajo acabado con volantes. Cierre con cremallera lateral oculta en costura.,Eco-label,JOIN LIFE Care for fiber: al menos 50% viscosa Join Life.,Esta fibra se obtiene de madera de bosques gestionados de forma mas sostenible donde los arboles se cultivan de forma controlada con programas que garantizan su reforestacion. Se produce en instalaciones que cumplen con EU BAT (Best Available Techniques) exigentes estandares medioambientales definidos por la Union Europea que reducen las emisiones y la generacion de residuos.,7.99,falda
300037,falda bermuda estampada,Falda bermuda de tiro alto. Detalle de lazo combinado a tono. Bajo acabado con volantes. Cierre con cremallera lateral oculta en costura.,Eco-label,JOIN LIFE Care for fiber: al menos 50% viscosa Join Life.,Esta fibra se obtiene de madera de bosques gestionados de forma mas sostenible donde los arboles se cultivan de forma controlada con programas que garantizan su reforestacion. Se produce en instalaciones que cumplen con EU BAT (Best Available Techniques) exigentes estandares medioambientales definidos por la Union Europea que reducen las emisiones y la generacion de residuos.,7.99,falda
300038,falda bermuda estampada,Falda bermuda de tiro alto. Detalle de lazo combinado a tono. Bajo acabado con volantes. Cierre con cremallera lateral oculta en costura.,Eco-label,JOIN LIFE Care for fiber: al menos 50% viscosa Join Life.,Esta fibra se obtiene de madera de bosques gestionados de forma mas sostenible donde los arboles se cultivan de forma controlada con programas que garantizan su reforestacion. Se produce en instalaciones que cumplen con EU BAT (Best Available Techniques) exigentes estandares medioambientales definidos por la Union Europea que reducen las emisiones y la generacion de residuos.,7.99,falda
300039,falda bermuda estampada,Falda bermuda de tiro alto. Detalle de lazo combinado a tono. Bajo acabado con volantes. Cierre con cremallera lateral oculta en costura.,Eco-label,JOIN LIFE Care for fiber: al menos 50% viscosa Join Life.,Esta fibra se obtiene de madera de bosques gestionados de forma mas sostenible donde los arboles se cultivan de forma controlada con programas que garantizan su reforestacion. Se produce en instalaciones que cumplen con EU BAT (Best Available Techniques) exigentes estandares medioambientales definidos por la Union Europea que reducen las emisiones y la generacion de residuos.,7.99,falda
300040,falda bermuda estampada,Falda bermuda de tiro alto. Detalle de lazo combinado a tono. Bajo acabado con volantes. Cierre con cremallera lateral oculta en costura.,Eco-label,JOIN LIFE Care for fiber: al menos 50% viscosa Join Life.,Esta fibra se obtiene de madera de bosques gestionados de forma mas sostenible donde los arboles se cultivan de forma controlada con programas que garantizan su reforestacion. Se produce en instalaciones que cumplen con EU BAT (Best Available Techniques) exigentes estandares medioambientales definidos por la Union Europea que reducen las emisiones y la generacion de residuos.,7.99,falda
300041,bermuda efecto piel,Bermuda de tiro alto. Bolsillos laterales y falsos bolsillos de vivo en espalda. Detalle de pinzas. Cinturon lazada en mismo tejido.<br/>Cierre frontal con cremallera y gancho metalico.,Not Eco-label,,,19.95,bermuda
300042,bermuda efecto piel,Bermuda de tiro alto. Bolsillos laterales y falsos bolsillos de vivo en espalda. Cinturon lazada en mismo material. Cierre frontal con cremallera y ganchos metalicos.,Not Eco-label,,,22.95,bermuda
300043,bermuda efecto piel,Bermuda de tiro alto. Bolsillos laterales y falsos bolsillos de vivo en espalda. Detalle de pinzas. Cinturon lazada en mismo tejido.<br/>Cierre frontal con cremallera y gancho metalico.,Not Eco-label,,,19.95,bermuda
300044,falda mini efecto piel,Falda mini de tiro alto. Detalle de costuras marcadas. Cierre en espalda con cremallera.,Not Eco-label,,,19.95,falda
300045,falda mini abertura,Falda mini de tiro alto. Bajo con abertura lateral. Cierre con cremallera lateral oculta en costura.,Not Eco-label,,,25.95,falda
300046,falda mini drapeada,Falda mini de tiro alto. Detalle de tejido drapeado en cintura. Cierre en espalda con cremallera oculta en costura.,Not Eco-label,,,29.95,falda
300047,falda mini volante,Falda mini de tiro alto. Bajo acabado en volantes. Cierre en espalda con cremallera oculta en costura.,Not Eco-label,,,29.95,falda
300048,falda terciopelo,Falda midi de linea evase. Cierre en espalda con cremallera oculta en costura.,Not Eco-label,,,39.95,falda
300049,falda mini terciopelo flecos,Falda mini de tiro alto. Detalle de frunce y lazada en delantero. Bajo acabado en flecos combinados a tono. Cierre en espalda con cremallera oculta en costura.,Not Eco-label,,,29.95,falda
300050,falda midi estampada,Falda midi de tiro alto. Cierre lateral con cremallera oculta en costura.,Not Eco-label,,,39.95,falda
300051,falda tacto suave,Falda midi de tiro alto con cintura elastica. Bajo acabado con abertura en espalda.,Not Eco-label,,,15.95,falda
300052,falda mini estampada,Falda mini de tiro alto. Detalle de alamares en delantero. Bajo con abertura lateral. Cierre lateral con cremallera oculta en costura.,Not Eco-label,,,25.95,falda
300053,falda tubo costuras,Falda de tiro alto. Detalle de costuras marcadas. Bajo con abertura lateral. Cierre con cremallera oculta en costura.,Not Eco-label,,,39.95,falda
300054,falda plisada cuadros,Falda midi de linea evase. Cierre lateral con cremallera oculta en costura.<br/><br/>,Not Eco-label,,,39.95,falda
300055,falda mini efecto piel,Falda mini de tiro alto. Detalle de costuras marcadas. Cierre en espalda con cremallera.,Not Eco-label,,,19.95,falda
300056,falda mini efecto piel,Falda mini de tiro alto. Detalle de costuras marcadas. Cierre en espalda con cremallera.,Not Eco-label,,,19.95,falda
300057,falda mini  bolsillos,Falda mini de tiro alto. Bolsillos de plastron con solapa. Cierre frontal con cremallera y boton.,Not Eco-label,,,22.95,falda
300058,bermuda efecto piel,Bermuda de tiro alto con cintura elastica. Bolsillos laterales y falso bolsillo de vivo en espalda.,Not Eco-label,,,22.95,bermuda
300059,falda mini combinada,Falda corta de tiro alto. Detalle de falsos botones joya en delantero. Bajo acabado en abertura frontal. Cierre en espalda con cremallera oculta en espalda.,Not Eco-label,,,29.95,falda
400000,cuerpo perkins sarga,Cuerpo de cuello subido y manga corta. Bajo acabado asimetrico. Cierre en espalda con cremallera oculta en costura.,Not Eco-label,,,15.95,camiseta
400001,cuerpo perkins sarga,Cuerpo de cuello subido y manga corta. Bajo acabado asimetrico. Cierre en espalda con cremallera oculta en costura.,Not Eco-label,,,15.95,camiseta
400002,cuerpo perkins sarga,Cuerpo de cuello subido y manga corta. Bajo acabado asimetrico. Cierre en espalda con cremallera oculta en costura.,Not Eco-label,,,15.95,camiseta
400003,sudadera cropped  felpa,Sudadera corta de cuello subido y manga larga. Bajo asimetrico. Cierre frontal con cremallera.,Eco-label,JOIN LIFE Care for fiber: al menos 50% algodon organico.,Algodon cultivado utilizando fertilizantes y pesticidas naturales. Ademas en su cultivo no se utilizan semillas modificadas geneticamente lo que ayuda a conservar la biodiversidad de las semillas y la fertilidad del suelo.,17.95,sportswear
400004,sudadera cropped  felpa,Sudadera corta de cuello subido y manga larga. Bajo asimetrico. Cierre frontal con cremallera.,Eco-label,JOIN LIFE Care for fiber: al menos 50% algodon organico.,Algodon cultivado utilizando fertilizantes y pesticidas naturales. Ademas en su cultivo no se utilizan semillas modificadas geneticamente lo que ayuda a conservar la biodiversidad de las semillas y la fertilidad del suelo.,17.95,sportswear
400005,camiseta capucha,Camiseta confeccionada con tejido elastico. Cuello subido con capucha y manga larga. Cierre frontal tipo polo con cremallera oculta en costura.,Not Eco-label,,,17.95,camiseta
400006,top rib cuello alto,Top de cuello subido y manga sisa.,Eco-label,JOIN LIFE Care for fiber: al menos 95% algodon organico.,Algodon cultivado utilizando fertilizantes y pesticidas naturales. Ademas en su cultivo no se utilizan semillas modificadas geneticamente lo que ayuda a conservar la biodiversidad de las semillas y la fertilidad del suelo.,5.95,top
400007,top rib cuello alto,Top de cuello subido y manga sisa.,Eco-label,JOIN LIFE Care for fiber: al menos 95% algodon organico.,Algodon cultivado utilizando fertilizantes y pesticidas naturales. Ademas en su cultivo no se utilizan semillas modificadas geneticamente lo que ayuda a conservar la biodiversidad de las semillas y la fertilidad del suelo.,5.95,top
400008,top rib cuello alto,Top de cuello subido y manga sisa.,Eco-label,JOIN LIFE Care for fiber: al menos 95% algodon organico.,Algodon cultivado utilizando fertilizantes y pesticidas naturales. Ademas en su cultivo no se utilizan semillas modificadas geneticamente lo que ayuda a conservar la biodiversidad de las semillas y la fertilidad del suelo.,5.95,top
400009,chaqueta canalé botones,Chaqueta cropped de algodon con cuello redondo y manga larga. Cierre frontal con botones.,Eco-label,JOIN LIFE Care for fiber: al menos 85% algodon organico.,Algodon cultivado utilizando fertilizantes y pesticidas naturales. Ademas en su cultivo no se utilizan semillas modificadas geneticamente lo que ayuda a conservar la biodiversidad de las semillas y la fertilidad del suelo.,12.95,chaqueta
400010,chaqueta canalé botones,Chaqueta cropped de algodon con cuello redondo y manga larga. Cierre frontal con botones.,Eco-label,JOIN LIFE Care for fiber: al menos 85% algodon organico.,Algodon cultivado utilizando fertilizantes y pesticidas naturales. Ademas en su cultivo no se utilizan semillas modificadas geneticamente lo que ayuda a conservar la biodiversidad de las semillas y la fertilidad del suelo.,12.95,chaqueta
400011,chaqueta canalé botones,Chaqueta cropped de algodon con cuello redondo y manga larga. Cierre frontal con botones.,Eco-label,JOIN LIFE Care for fiber: al menos 85% algodon organico.,Algodon cultivado utilizando fertilizantes y pesticidas naturales. Ademas en su cultivo no se utilizan semillas modificadas geneticamente lo que ayuda a conservar la biodiversidad de las semillas y la fertilidad del suelo.,12.95,chaqueta
400012,camiseta premium quality,Camiseta de cuello redondo y manga larga.,Eco-label,JOIN LIFE Care for water: producido utilizando menos agua.,El uso de ciclos cerrados que permiten reutilizar el agua o de tecnologias como las maquinas de baja relacion de baño o el tintado en masa nos ayudan a reducir el consumo de agua en los procesos de tintado o lavado de las prendas. ,15.95,camiseta
400013,camiseta premium quality,Camiseta de cuello redondo y manga larga.,Eco-label,JOIN LIFE Care for water: producido utilizando menos agua.,El uso de ciclos cerrados que permiten reutilizar el agua o de tecnologias como las maquinas de baja relacion de baño o el tintado en masa nos ayudan a reducir el consumo de agua en los procesos de tintado o lavado de las prendas. ,15.95,camiseta
400014,camiseta premium quality,Camiseta de cuello redondo y manga larga.,Eco-label,JOIN LIFE Care for water: producido utilizando menos agua.,El uso de ciclos cerrados que permiten reutilizar el agua o de tecnologias como las maquinas de baja relacion de baño o el tintado en masa nos ayudan a reducir el consumo de agua en los procesos de tintado o lavado de las prendas. ,15.95,camiseta
400015,camiseta premium quality,Camiseta de cuello redondo y manga larga.,Eco-label,JOIN LIFE Care for water: producido utilizando menos agua.,El uso de ciclos cerrados que permiten reutilizar el agua o de tecnologias como las maquinas de baja relacion de baño o el tintado en masa nos ayudan a reducir el consumo de agua en los procesos de tintado o lavado de las prendas. ,15.95,camiseta
400016,camiseta premium quality,Camiseta de cuello redondo y manga larga.,Eco-label,JOIN LIFE Care for water: producido utilizando menos agua.,El uso de ciclos cerrados que permiten reutilizar el agua o de tecnologias como las maquinas de baja relacion de baño o el tintado en masa nos ayudan a reducir el consumo de agua en los procesos de tintado o lavado de las prendas. ,15.95,camiseta
400017,top capucha limitless contour collection,Top confeccionado con tejido que se adapta al contorno de tu cuerpo. Cuello subido con capucha y manga larga.,Eco-label,JOIN LIFE Care for fiber: al menos 50% poliamida reciclada.,Esta fibra se obtiene a partir del residuo que se recupera de otras producciones de poliamida. Transformando este residuo en un nuevo recurso reducimos la produccion de materia prima virgen y el consumo de agua energia y recursos naturales.,15.95,top
400018,top limitless contour collection,Top corto confeccionado con tejido que se adapta al contorno de tu cuerpo. Cuello redondo y manga larga.,Eco-label,JOIN LIFE Care for fiber: al menos 50% poliamida reciclada.,Esta fibra se obtiene a partir del residuo que se recupera de otras producciones de poliamida. Transformando este residuo en un nuevo recurso reducimos la produccion de materia prima virgen y el consumo de agua energia y recursos naturales.,12.95,top
400019,camiseta rib,Camiseta de cuello subido y manga corta.,Eco-label,JOIN LIFE Care for fiber: al menos 95% algodon organico.,Algodon cultivado utilizando fertilizantes y pesticidas naturales. Ademas en su cultivo no se utilizan semillas modificadas geneticamente lo que ayuda a conservar la biodiversidad de las semillas y la fertilidad del suelo.,7.95,camiseta
400020,camiseta rib,Camiseta de cuello subido y manga corta.,Eco-label,JOIN LIFE Care for fiber: al menos 95% algodon organico.,Algodon cultivado utilizando fertilizantes y pesticidas naturales. Ademas en su cultivo no se utilizan semillas modificadas geneticamente lo que ayuda a conservar la biodiversidad de las semillas y la fertilidad del suelo.,7.95,camiseta
400021,camiseta rib,Camiseta de cuello subido y manga corta.,Eco-label,JOIN LIFE Care for fiber: al menos 95% algodon organico.,Algodon cultivado utilizando fertilizantes y pesticidas naturales. Ademas en su cultivo no se utilizan semillas modificadas geneticamente lo que ayuda a conservar la biodiversidad de las semillas y la fertilidad del suelo.,7.95,camiseta
400022,camiseta rib,Camiseta de cuello subido y manga corta.,Eco-label,JOIN LIFE Care for fiber: al menos 95% algodon organico.,Algodon cultivado utilizando fertilizantes y pesticidas naturales. Ademas en su cultivo no se utilizan semillas modificadas geneticamente lo que ayuda a conservar la biodiversidad de las semillas y la fertilidad del suelo.,7.95,camiseta
400023,camiseta rib,Camiseta de cuello subido y manga corta.,Eco-label,JOIN LIFE Care for fiber: al menos 95% algodon organico.,Algodon cultivado utilizando fertilizantes y pesticidas naturales. Ademas en su cultivo no se utilizan semillas modificadas geneticamente lo que ayuda a conservar la biodiversidad de las semillas y la fertilidad del suelo.,7.95,camiseta
400024,body canalé,Body de cuello redondo y manga corta. Cierre en bajo con botones a presion.,Not Eco-label,,,15.95,body
400025,body canalé,Body de cuello subido y manga larga. Cierre en bajo con botones a presion.,Not Eco-label,,,12.95,body
400026,body hombreras,Body de escote pico. Manga larga con hombreras. Cierre en bajo con botones a presion.,Eco-label,JOIN LIFE Care for fiber: al menos 90% algodon organico.,Algodon cultivado utilizando fertilizantes y pesticidas naturales. Ademas en su cultivo no se utilizan semillas modificadas geneticamente lo que ayuda a conservar la biodiversidad de las semillas y la fertilidad del suelo.,17.95,body
400027,body halter,Body de cuello subido con manga sisa. Cierre en bajo con botones a presion.,Eco-label,JOIN LIFE Care for fiber: al menos 90% algodon organico.,Algodon cultivado utilizando fertilizantes y pesticidas naturales. Ademas en su cultivo no se utilizan semillas modificadas geneticamente lo que ayuda a conservar la biodiversidad de las semillas y la fertilidad del suelo.,15.95,body
400028,body escote corazón,Body de escote corazon y manga larga. Cierre en bajo con botones a presion.,Not Eco-label,,,17.95,body
400029,body canalé botones,Body de cuello redondo y manga larga. Botones tipo polo en delantero. Cierre en bajo con botones a presion.,Not Eco-label,,,17.95,body
400030,body encaje,Body de cuello subido y manga sisa. Cierre en bajo con botones a presion.,Not Eco-label,,,15.95,body
400031,body encaje,Body de cuello subido y manga sisa. Cierre en bajo con botones a presion.,Not Eco-label,,,15.95,body
400032,body encaje,Body de cuello subido y manga sisa. Cierre en bajo con botones a presion.,Not Eco-label,,,15.95,body
400033,body canalé botones,Body de cuello redondo y manga larga. Botones tipo polo en delantero. Cierre en bajo con botones a presion.,Not Eco-label,,,17.95,body
400034,body canalé botones,Body de cuello redondo y manga larga. Botones tipo polo en delantero. Cierre en bajo con botones a presion.,Not Eco-label,,,17.95,body
400035,camiseta snaps,Camiseta de cuello redondo y manga larga. Botones a presion tipo polo.,Eco-label,JOIN LIFE Care for fiber: al menos 90% algodon organico.,Algodon cultivado utilizando fertilizantes y pesticidas naturales. Ademas en su cultivo no se utilizan semillas modificadas geneticamente lo que ayuda a conservar la biodiversidad de las semillas y la fertilidad del suelo.,12.95,camiseta
400036,camiseta snaps,Camiseta de cuello redondo y manga larga. Botones a presion tipo polo.,Eco-label,JOIN LIFE Care for fiber: al menos 90% algodon organico.,Algodon cultivado utilizando fertilizantes y pesticidas naturales. Ademas en su cultivo no se utilizan semillas modificadas geneticamente lo que ayuda a conservar la biodiversidad de las semillas y la fertilidad del suelo.,12.95,camiseta
400037,camiseta snaps,Camiseta de cuello redondo y manga larga. Botones a presion tipo polo.,Eco-label,JOIN LIFE Care for fiber: al menos 90% algodon organico.,Algodon cultivado utilizando fertilizantes y pesticidas naturales. Ademas en su cultivo no se utilizan semillas modificadas geneticamente lo que ayuda a conservar la biodiversidad de las semillas y la fertilidad del suelo.,12.95,camiseta
400038,camiseta snaps,Camiseta de cuello redondo y manga larga. Botones a presion tipo polo.,Eco-label,JOIN LIFE Care for fiber: al menos 90% algodon organico.,Algodon cultivado utilizando fertilizantes y pesticidas naturales. Ademas en su cultivo no se utilizan semillas modificadas geneticamente lo que ayuda a conservar la biodiversidad de las semillas y la fertilidad del suelo.,12.95,camiseta
400039,camiseta snaps,Camiseta de cuello redondo y manga larga. Botones a presion tipo polo.,Eco-label,JOIN LIFE Care for fiber: al menos 90% algodon organico.,Algodon cultivado utilizando fertilizantes y pesticidas naturales. Ademas en su cultivo no se utilizan semillas modificadas geneticamente lo que ayuda a conservar la biodiversidad de las semillas y la fertilidad del suelo.,12.95,camiseta
400040,camiseta rib volantes,Camiseta de cuello redondo y manga larga con volantes en hombrera.,Eco-label,JOIN LIFE Care for fiber: al menos 95% algodon organico.,Algodon cultivado utilizando fertilizantes y pesticidas naturales. Ademas en su cultivo no se utilizan semillas modificadas geneticamente lo que ayuda a conservar la biodiversidad de las semillas y la fertilidad del suelo.,9.95,camiseta
400041,camiseta rib volantes,Camiseta de cuello redondo y manga larga con volantes en hombrera.,Eco-label,JOIN LIFE Care for fiber: al menos 95% algodon organico.,Algodon cultivado utilizando fertilizantes y pesticidas naturales. Ademas en su cultivo no se utilizan semillas modificadas geneticamente lo que ayuda a conservar la biodiversidad de las semillas y la fertilidad del suelo.,9.95,camiseta
400042,camiseta rib volantes,Camiseta de cuello redondo y manga larga con volantes en hombrera.,Eco-label,JOIN LIFE Care for fiber: al menos 95% algodon organico.,Algodon cultivado utilizando fertilizantes y pesticidas naturales. Ademas en su cultivo no se utilizan semillas modificadas geneticamente lo que ayuda a conservar la biodiversidad de las semillas y la fertilidad del suelo.,9.95,camiseta
400043,chaqueta cropped,Chaqueta corta de cuello redondo y manga larga. Detalle tejido tacto suave. Cierre frontal con botones.,Not Eco-label,,,5.99,chaqueta
400044,chaqueta cropped,Chaqueta corta de cuello redondo y manga larga. Detalle tejido tacto suave. Cierre frontal con botones.,Not Eco-label,,,5.99,chaqueta
400045,cuerpo canalé tacto suave,Cuerpo de cuello redondo y manga larga. Tejido tacto suave. Detalle de costuras marcadas.,Not Eco-label,,,12.95,camiseta
400046,cuerpo canalé tacto suave,Cuerpo de cuello redondo y manga larga. Tejido tacto suave. Detalle de costuras marcadas.,Not Eco-label,,,12.95,camiseta
400047,cuerpo canalé tacto suave,Cuerpo de cuello redondo y manga larga. Tejido tacto suave. Detalle de costuras marcadas.,Not Eco-label,,,12.95,camiseta
400048,camiseta unisex colaboración coco capitan,Camiseta unisex de cuello redondo y manga larga. Detalle de parche combinado a contraste en bajo delantero.<br/><br/>Colaboracion con la artista Coco Capitan. La coleccion unisex «green house is Green» es parte de un poema en el que narra un sueño donde vivia en una casa rodeada de naturaleza.,Eco-label,JOIN LIFE Care for fiber: al menos 50% algodon organico.,Algodon cultivado utilizando fertilizantes y pesticidas naturales. Ademas en su cultivo no se utilizan semillas modificadas geneticamente,,camiseta
400049,camiseta unisex colaboración coco capitán,Camiseta unisex de cuello redondo y manga corta. Detalle de parche en delantero y texto en espalda combinados a contraste.<br/><br/>Colaboracion con la artista Coco Capitan. La coleccion unisex «green house is Green» es parte de un poema en el que narra un sueño donde vivia en una casa rodeada de naturaleza.,Eco-label,JOIN LIFE Care for fiber: al menos 75% algodon organico & 15% algodon reciclado.,El algodon organico se cultiva con fertilizantes y pesticidas naturales y evita el uso de semillas modificadas geneticamente. El algodon reciclado se produce a partir del residuo de algodon de otras producciones reduciendo el consumo de algodon virgen y los procesos de obtencion de la fibra.,15.95,camiseta
400050,camiseta unisex colaboración coco capitán,Camiseta unisex de cuello redondo y manga corta. Detalle de parche en delantero y texto en espalda combinados a contraste.<br/><br/>Colaboracion con la artista Coco Capitan. La coleccion unisex «green house is Green» es parte de un poema en el que narra un sueño donde vivia en una casa rodeada de naturaleza.,Eco-label,JOIN LIFE Care for fiber: al menos 75% algodon organico & 15% algodon reciclado.,El algodon organico se cultiva con fertilizantes y pesticidas naturales y evita el uso de semillas modificadas geneticamente. El algodon reciclado se produce a partir del residuo de algodon de otras producciones reduciendo el consumo de algodon virgen y los procesos de obtencion de la fibra.,15.95,camiseta
400051,camiseta unisex colaboración coco capitan,Camiseta unisex de cuello redondo y manga larga. Detalle de parche combinado a contraste en bajo delantero.<br/><br/>Colaboracion con la artista Coco Capitan. La coleccion unisex «green house is Green» es parte de un poema en el que narra un sueño donde vivia en una casa rodeada de naturaleza.,Eco-label,JOIN LIFE Care for fiber: al menos 50% algodon organico.,Algodon cultivado utilizando fertilizantes y pesticidas naturales. Ademas en su cultivo no se utilizan semillas modificadas geneticamente,,camiseta
400052,camiseta unisex colaboración coco capitán,Camiseta unisex de cuello redondo y manga corta. Detalle de parche en delantero y texto en espalda combinados a contraste.<br/><br/>Colaboracion con la artista Coco Capitan. La coleccion unisex «green house is Green» es parte de un poema en el que narra un sueño donde vivia en una casa rodeada de naturaleza.,Eco-label,JOIN LIFE Care for fiber: al menos 75% algodon organico & 15% algodon reciclado.,El algodon organico se cultiva con fertilizantes y pesticidas naturales y evita el uso de semillas modificadas geneticamente. El algodon reciclado se produce a partir del residuo de algodon de otras producciones reduciendo el consumo de algodon virgen y los procesos de obtencion de la fibra.,15.95,camiseta
400053,cuerpo cropped,Cuerpo de cuello redondo manga larga.,Not Eco-label,,,15.95,camiseta
400054,cuerpo cropped,Cuerpo de cuello redondo manga larga.,Not Eco-label,,,15.95,camiseta
400055,cuerpo cropped,Cuerpo de cuello redondo manga larga.,Not Eco-label,,,15.95,camiseta
400056,camiseta rayas,Camiseta de cuello redondo y manga larga.,Not Eco-label,,,17.95,camiseta
400057,body canalé,Body de cuello redondo y manga larga. Cierre en bajo con botones a presion.,Not Eco-label,,,9.95,body
400058,body canalé,Body de cuello redondo y manga larga. Cierre en bajo con botones a presion.,Not Eco-label,,,9.95,body
400059,body canalé,Body de cuello redondo y manga larga. Cierre en bajo con botones a presion.,Not Eco-label,,,9.95,body
500000,pantalón tiro alto cinturón,Pantalon de tiro alto. Bolsillos delanteros y falsos bolsillos de doble vivo en espalda. Aplicacion cinturon del mismo tejido con hebilla forrada. Cierre frontal con cremallera boton interior y gancho metalico.,Not Eco-label,,,15.99,pantalón
500001,pantalón culotte,Pantalon de tiro alto. Detalle de cinturon combinado a tono con hebilla forrada. Pernera ancha. Cierre en lateral con cremallera oculta en costura.,Not Eco-label,,,15.99,pantalón
500002,pantalón baggy efecto piel,Pantalon de tiro alto con cintura elastica y frunces. Bolsillos delanteros y bolsillos de plastron en espalda. Cierre frontal con cremallera y boton.,Not Eco-label,,,15.99,pantalón
500003,pantalón ancho full length,Pantalon de tiro alto. Bolsillos laterales y falsos bolsillos de vivo en espalda. Pernera ancha. Detalle de pliegues en delantero. Cierre frontal con cremallera y gancho metalico.<br/>,Eco-label,JOIN LIFE Care for fiber: al menos 25% poliester reciclado.,Esta fibra se obtiene a partir del reciclaje de plastico PET como el de las botellas de agua. Transformando este residuo en un nuevo recurso reducimos la produccion de materia prima virgen y el consumo de agua energia y recursos naturales.,12.99,pantalón
500004,jogging punto,Jogging de tiro alto con cintura elastica ajustable con cordon. Bolsillos delanteros. Bajo acabado en puño elastico.,Not Eco-label,,,12.99,sportswear
500005,jogging punto,Jogging de tiro alto con cintura elastica ajustable con cordon. Bolsillos delanteros. Bajo acabado en puño elastico.,Not Eco-label,,,12.99,sportswear
500006,pantalón ancho full length,Pantalon de tiro alto. Bolsillos laterales y falsos bolsillos de vivo en espalda. Pernera ancha. Detalle de pliegues en delantero. Cierre frontal con cremallera y gancho metalico.<br/>,Eco-label,JOIN LIFE Care for fiber: al menos 25% poliester reciclado.,Esta fibra se obtiene a partir del reciclaje de plastico PET como el de las botellas de agua. Transformando este residuo en un nuevo recurso reducimos la produccion de materia prima virgen y el consumo de agua energia y recursos naturales.,12.99,pantalón
500007,pantalón efecto piel,Pantalon de tiro alto. Bolsillos laterales y de vivo en espalda. Cierre frontal con cremallera boton interior y gancho metalico.,Not Eco-label,,,15.99,pantalón
500008,pantalón efecto piel,Pantalon de tiro alt. Detalle de costuras marcadas. Cierre frontal con cremallera y boton a presion.,Not Eco-label,,,15.99,pantalón
500009,pantalón efecto piel cinturón,Pantalon de tiro alto con cinturon. Bolsillos delanteros. Cierre frontal con cremallera y gancho metalico.,Not Eco-label,,,15.99,pantalón
500010,jogging punto,Jogging de tiro alto con cintura elastica ajustable con cordon. Bolsillos delanteros. Bajo acabado en puño elastico.,Not Eco-label,,,12.99,sportswear
500011,pantalón jogging,The Jogging In Midnight Black.<br/><br/>Pantalon de tiro alto con cintura elastica ajustable con cordones. Bolsillos laterales. Bajo acabado en puño elastico.<br/><br/>,Eco-label,JOIN LIFE Care for fiber: al menos 50% TENCEL™ Lyocell.,Esta fibra se obtiene de madera principalmente eucalipto de bosques gestionados de forma mas sostenible que garantiza su reforestacion. Se produce en un circuito cerrado,,pantalón
500012,pantalón culotte cinturón,Pantalon de tiro alto. Cinturon con hebilla forrada en mismo tejido. Cierre con cremallera lateral oculta en costura.,Not Eco-label,,,15.99,pantalón
500013,legging supelástico vivos,Legging water repellent de tejido elastico confeccionado en dos direcciones. Detalle de vivos combinados a contraste. Bajo con cremallera lateral oculta en costura.Cierre frontal con cremallera termosellada.,Not Eco-label,,,12.99,sportswear
500014,pantalón jogging,The Jogging In Pine Green<br/><br/>Pantalon de tiro alto con cintura elastica ajustable con cordones. Bolsillos laterales. Bajo acabado en puño elastico.,Eco-label,JOIN LIFE Care for fiber: al menos 50% TENCEL™ Lyocell.,Esta fibra se obtiene de madera principalmente eucalipto de bosques gestionados de forma mas sostenible que garantiza su reforestacion. Se produce en un circuito cerrado,,pantalón
500015,pantalón slouchy jogger,Pantalon fluido de tiro alto con cintura elastica ajustable con cordones. Bolsillos de plastron en delantero y espalda. Bajo acabado en puño elastico.,Not Eco-label,,,15.99,pantalón
500016,pantalón tiro alto,Pantalon cropped fluido con tiro alto. Cierre con cremallera lateral.<br/><br/>ALTURA MODELO: 177 CM,Not Eco-label,,,15.99,pantalón
500017,pantalón culotte efecto piel,Pantalon de tiro alto. Detalle de costuras marcadas. Cierre lateral con cremallera oculta en costura.,Not Eco-label,,,15.99,pantalón
500018,legging efecto piel,Legging con cintura asimetrica combinada. Bajo acabado con aberturas y cremallera. Cierre lateral con cremallera oculta en costura.,Not Eco-label,,,12.99,sportswear
500019,falda mini efecto piel,Falda mini de tiro alto. Bolsillos delanteros. Detalle de costuras marcadas. Cierre delantero con cremallera oculta por solapa.,Not Eco-label,,,9.99,falda
500020,pantalón culotte efecto piel,Pantalon de tiro alto. Detalle de costuras marcadas. Cierre lateral con cremallera oculta en costura.,Not Eco-label,,,15.99,pantalón
500021,pantalón doble tela chino fit,Pantalon de tiro medio. Bolsillo delanteros y falsos bolsillos de vivo en espalda. Bajo con aberturas laterales interiores. Cierre con cremallera boton y gancho metalico.<br/>,Not Eco-label,,,15.99,pantalón
500022,pantalón jogging,The Jogging In Dusty Mint.<br/><br/>Pantalon fluido de tiro alto con cintura elastica ajustable con cordones. Bolsillos laterales y falsos bolsillos de vivo en espalda. Bajo acabado en puño elastico.,Eco-label,JOIN LIFE Care for fiber: 100% TENCEL™ Lyocell.,Esta fibra se obtiene de madera principalmente eucalipto de bosques gestionados de forma mas sostenible que garantiza su reforestacion. Se produce en un circuito cerrado,,pantalón
500023,pantalón jogging,Pantalon de tiro alto con cintura elastica. Bolsillos laterales y falso bolsillo de vivo en espalda.  <br/><br/>ALTURA MODELO: 177 CM,Not Eco-label,,,12.99,pantalón
500024,pantalón culotte cinturón,Pantalon de tiro alto. Cinturon con hebilla forrada en mismo tejido. Cierre con cremallera lateral oculta en costura.,Not Eco-label,,,15.99,pantalón
500025,pantalón traje estructura,Pantalon de tiro medio con bolsillos delanteros y falsos bolsillos de doble vivo en espalda. Cierre frontal con cremallera boton interior y gancho metalico.,Not Eco-label,,,9.99,pantalón
500026,pantalón traje cuadros,Pantalon de tiro medio con bolsillos delanteros y falsos bolsillos de vivo en espalda. Bajo con aberturas laterales. Cierre frontal con cremallera boton interior y gancho metalico.,Eco-label,JOIN LIFE Care for fiber: al menos 50% poliester reciclado.,Esta fibra se obtiene a partir del reciclaje de plastico PET como el de las botellas de agua. Transformando este residuo en un nuevo recurso reducimos la produccion de materia prima virgen y el consumo de agua,,pantalón
500027,pantalón cinturón rafia,Pantalon de tiro alto con cintura elastica. Bolsillos delanteros y falso bolsillo de vivo en espalda. Detalle de cinturon con hebilla combinado a contraste.,Not Eco-label,,,15.99,pantalón
500028,pantalón zw jogging,The Jogging In Dover Satin<br/><br/>Pantalon de tiro medio con cintura elastica y cordones ajustables. Bolsillos laterales. Bajo acabado en puño elastico.<br/><br/>ALTURA MODELO: 177 CM,Eco-label,JOIN LIFE Care for fiber: al menos 30% TENCEL™ Lyocell.,Esta fibra se obtiene de madera principalmente eucalipto de bosques gestionados de forma mas sostenible que garantiza su reforestacion. Se produce en un circuito cerrado,,pantalón
500029,pantalón tiro alto cinturón,Pantalon de tiro alto. Bolsillos delanteros y falsos bolsillos de doble vivo en espalda. Aplicacion cinturon del mismo tejido con hebilla forrada. Cierre frontal con cremallera boton interior y gancho metalico.,Not Eco-label,,,15.99,pantalón
500030,pantalón tiro alto cinturón,Pantalon de tiro alto. Bolsillos delanteros y falsos bolsillos de doble vivo en espalda. Aplicacion cinturon del mismo tejido con hebilla forrada. Cierre frontal con cremallera boton interior y gancho metalico.,Not Eco-label,,,15.99,pantalón
500031,pantalón tiro alto cinturón,Pantalon de tiro alto. Bolsillos delanteros y falsos bolsillos de doble vivo en espalda. Aplicacion cinturon del mismo tejido con hebilla forrada. Cierre frontal con cremallera boton interior y gancho metalico.,Not Eco-label,,,15.99,pantalón
500032,pantalón pitillo cuadros,Pantalon de tiro medio con bolsillos delanteros y falso bolsillo de vivo en espalda. Cierre frontal con cremallera boton interior y gancho metalico.,Not Eco-label,,,12.99,pantalón
500033,pantalón pitillo,Pantalon de tiro medio. Cintura con elastico en espalda. Bolsillos laterales con falsos bolsillos de vivo en espalda. Bajo acabado con abertura. Cierre delantero con cremallera y gancho metalico. <br/><br/>ALTURA MODELO: 177 CM,Eco-label,JOIN LIFE Care for fiber: al menos 25% poliester reciclado.,Esta fibra se obtiene a partir del reciclaje de plastico PET como el de las botellas de agua. Transformando este residuo en un nuevo recurso reducimos la produccion de materia prima virgen y el consumo de agua energia y recursos naturales.,12.99,pantalón
500034,pantalón cinturón rafia,Pantalon de tiro alto con cintura elastica. Bolsillos delanteros y falso bolsillo de vivo en espalda. Detalle de cinturon con hebilla combinado a contraste.,Not Eco-label,,,15.99,pantalón
500035,pantalón estampado,Pantalon de tiro alto. Cintura elastica ajustable con cordones. Bolsillos de plastron laterales. Bajo acabado en puño elastico.,Not Eco-label,,,15.99,pantalón
500036,pantalón garden,The Garden Pant In Grey.<br/><br/>Pantalon de tiro alto con bolsillos de plastron en delantero y espalda. Cierre frontal con cremallera y boton metalico.,Not Eco-label,,,15.99,pantalón
500037,pantalón ancho pliegues,Pantalon de tiro bajo. Bolsillos laterales y falsos bolsillos de vivo en espalda. Pernera ancha. Detalle de pliegues en delantero. Cierre frontal con cremallera y boton.,Not Eco-label,,,12.99,pantalón
